location,request_count,release_count,request_release_ratio
MRAH OR,553,284,1.947183099
MASC OR,150,113,1.327433628
VISION OR,86,88,0.977272727
CENTER,312,388,0.804123711
MSC OR,123,162,0.759259259
MRH OR,91,136,0.669117647
CENTER PEDS,9,30,0.3
